Item Title,Publication Title,Book Series Title,Journal Volume,Journal Issue,Item DOI,Authors,Publication Year,URL,Content Type
"AGI Brain: A Learning and Decision Making Framework for Artificial General Intelligence Systems Based on Modern Control Theory","Artificial General Intelligence","","","","10.1007/978-3-030-27005-6_1","Mohammadreza Alidoust","2019","http://link.springer.com/chapter/10.1007/978-3-030-27005-6_1","Chapter"
"Programming Languages and Artificial General Intelligence","Artificial General Intelligence","","","","10.1007/978-3-319-21365-1_30","Vitaly KhudobakhshovAndrey PitkoDenis Zotov","2015","http://link.springer.com/chapter/10.1007/978-3-319-21365-1_30","Chapter"
"The Cyber-Physical System Approach Towards Artificial General Intelligence: The Problem of Verification","Artificial General Intelligence","","","","10.1007/978-3-319-21365-1_38","Zoltán TősérAndrás Lőrincz","2015","http://link.springer.com/chapter/10.1007/978-3-319-21365-1_38","Chapter"
"Can Machines Design? An Artificial General Intelligence Approach","Artificial General Intelligence","","","","10.1007/978-3-319-97676-1_9","Andreas M. HeinHélène Condat","2018","http://link.springer.com/chapter/10.1007/978-3-319-97676-1_9","Chapter"
"Safe Baby AGI","Artificial General Intelligence","","","","10.1007/978-3-319-21365-1_5","Jordi BiegerKristinn R. ThórissonPei Wang","2015","http://link.springer.com/chapter/10.1007/978-3-319-21365-1_5","Chapter"
"The Foundations of Deep Learning with a Path Towards General Intelligence","Artificial General Intelligence","","","","10.1007/978-3-319-97676-1_16","Eray Özkural","2018","http://link.springer.com/chapter/10.1007/978-3-319-97676-1_16","Chapter"
"Embracing Inference as Action: A Step Towards Human-Level Reasoning","Artificial General Intelligence","","","","10.1007/978-3-319-41649-6_19","John LicatoMaxwell Fowler","2016","http://link.springer.com/chapter/10.1007/978-3-319-41649-6_19","Chapter"
"On the Limits of Recursively Self-Improving AGI","Artificial General Intelligence","","","","10.1007/978-3-319-21365-1_40","Roman V. Yampolskiy","2015","http://link.springer.com/chapter/10.1007/978-3-319-21365-1_40","Chapter"
"A Priori Modeling of Information and Intelligence","Artificial General Intelligence","","","","10.1007/978-3-319-63703-7_25","Marcus Abundis","2017","http://link.springer.com/chapter/10.1007/978-3-319-63703-7_25","Chapter"
"Embodiment as a Necessary a Priori of General Intelligence","Artificial General Intelligence","","","","10.1007/978-3-030-27005-6_13","David Kremelberg","2019","http://link.springer.com/chapter/10.1007/978-3-030-27005-6_13","Chapter"
"The MaRz Algorithm: Towards an Artificial General Episodic Learner","Artificial General Intelligence","","","","10.1007/978-3-319-63703-7_15","Christian RodriguezGiselle MarstonWilliam GoolkasianAshley RosenbergAndrew Nuxoll","2017","http://link.springer.com/chapter/10.1007/978-3-319-63703-7_15","Chapter"
"Hybrid Strategies Towards Safe “Self-Aware” Superintelligent Systems","Artificial General Intelligence","","","","10.1007/978-3-319-97676-1_1","Nadisha-Marie AlimanLeon Kester","2018","http://link.springer.com/chapter/10.1007/978-3-319-97676-1_1","Chapter"
"A General (Category Theory) Principle for General Intelligence: Duality (Adjointness)","Artificial General Intelligence","","","","10.1007/978-3-319-63703-7_6","Steven Phillips","2017","http://link.springer.com/chapter/10.1007/978-3-319-63703-7_6","Chapter"
"Probabilistic Growth and Mining of Combinations: A Unifying Meta-Algorithm for Practical General Intelligence","Artificial General Intelligence","","","","10.1007/978-3-319-41649-6_35","Ben Goertzel","2016","http://link.springer.com/chapter/10.1007/978-3-319-41649-6_35","Chapter"
"Augmented Utilitarianism for AGI Safety","Artificial General Intelligence","","","","10.1007/978-3-030-27005-6_2","Nadisha-Marie AlimanLeon Kester","2019","http://link.springer.com/chapter/10.1007/978-3-030-27005-6_2","Chapter"
"Analysis of Types of Self-Improving Software","Artificial General Intelligence","","","","10.1007/978-3-319-21365-1_39","Roman V. Yampolskiy","2015","http://link.springer.com/chapter/10.1007/978-3-319-21365-1_39","Chapter"
"Malevolent Cyborgization","Artificial General Intelligence","","","","10.1007/978-3-319-63703-7_18","Nadisha-Marie Aliman","2017","http://link.springer.com/chapter/10.1007/978-3-319-63703-7_18","Chapter"
"The Space of Possible Mind Designs","Artificial General Intelligence","","","","10.1007/978-3-319-21365-1_23","Roman V. Yampolskiy","2015","http://link.springer.com/chapter/10.1007/978-3-319-21365-1_23","Chapter"
"Assumptions of Decision-Making Models in AGI","Artificial General Intelligence","","","","10.1007/978-3-319-21365-1_21","Pei WangPatrick Hammer","2015","http://link.springer.com/chapter/10.1007/978-3-319-21365-1_21","Chapter"
"Toward Mapping the Paths to AGI","Artificial General Intelligence","","","","10.1007/978-3-030-27005-6_7","Ross GruetzemacherDavid Paradice","2019","http://link.springer.com/chapter/10.1007/978-3-030-27005-6_7","Chapter"
"Transforming Kantian Aesthetic Principles into Qualitative Hermeneutics for Contemplative AGI Agents","Artificial General Intelligence","","","","10.1007/978-3-319-97676-1_23","Jeremy O. TurnerSteve DiPaola","2018","http://link.springer.com/chapter/10.1007/978-3-319-97676-1_23","Chapter"
"Toward Tractable Universal Induction Through Recursive Program Learning","Artificial General Intelligence","","","","10.1007/978-3-319-21365-1_26","Arthur Franz","2015","http://link.springer.com/chapter/10.1007/978-3-319-21365-1_26","Chapter"
"Inferring Human Values for Safe AGI Design","Artificial General Intelligence","","","","10.1007/978-3-319-21365-1_16","Can Eren Sezener","2015","http://link.springer.com/chapter/10.1007/978-3-319-21365-1_16","Chapter"
"Resource-Constrained Social Evidence Based Cognitive Model for Empathy-Driven Artificial Intelligence","Artificial General Intelligence","","","","10.1007/978-3-319-97676-1_10","Anton Kolonin","2018","http://link.springer.com/chapter/10.1007/978-3-319-97676-1_10","Chapter"
"Ultimate Intelligence Part II: Physical Complexity and Limits of Inductive Inference Systems","Artificial General Intelligence","","","","10.1007/978-3-319-41649-6_4","Eray Özkural","2016","http://link.springer.com/chapter/10.1007/978-3-319-41649-6_4","Chapter"
"From Abstract Agents Models to Real-World AGI Architectures: Bridging the Gap","Artificial General Intelligence","","","","10.1007/978-3-319-63703-7_1","Ben Goertzel","2017","http://link.springer.com/chapter/10.1007/978-3-319-63703-7_1","Chapter"
"System Induction Games and Cognitive Modeling as an AGI Methodology","Artificial General Intelligence","","","","10.1007/978-3-319-41649-6_22","Sean Markan","2016","http://link.springer.com/chapter/10.1007/978-3-319-41649-6_22","Chapter"
"Cumulative Learning","Artificial General Intelligence","","","","10.1007/978-3-030-27005-6_20","Kristinn R. ThórissonJordi BiegerXiang LiPei Wang","2019","http://link.springer.com/chapter/10.1007/978-3-030-27005-6_20","Chapter"
"The AGI Containment Problem","Artificial General Intelligence","","","","10.1007/978-3-319-41649-6_6","James BabcockJános KramárRoman Yampolskiy","2016","http://link.springer.com/chapter/10.1007/978-3-319-41649-6_6","Chapter"
"Vision System for AGI: Problems and Directions","Artificial General Intelligence","","","","10.1007/978-3-319-97676-1_18","Alexey PotapovSergey RodionovMaxim PetersonOleg ScherbakovInnokentii ZhdanovNikolai Skorobogatko","2018","http://link.springer.com/chapter/10.1007/978-3-319-97676-1_18","Chapter"
"A Definition of Happiness for Reinforcement Learning Agents","Artificial General Intelligence","","","","10.1007/978-3-319-21365-1_24","Mayank DaswaniJan Leike","2015","http://link.springer.com/chapter/10.1007/978-3-319-21365-1_24","Chapter"
"Issues in Temporal and Causal Inference","Artificial General Intelligence","","","","10.1007/978-3-319-21365-1_22","Pei WangPatrick Hammer","2015","http://link.springer.com/chapter/10.1007/978-3-319-21365-1_22","Chapter"
"WILLIAM: A Monolithic Approach to AGI","Artificial General Intelligence","","","","10.1007/978-3-030-27005-6_5","Arthur FranzVictoria GogulyaMichael Löffler","2019","http://link.springer.com/chapter/10.1007/978-3-030-27005-6_5","Chapter"
"Perception from an AGI Perspective","Artificial General Intelligence","","","","10.1007/978-3-319-97676-1_25","Pei WangPatrick Hammer","2018","http://link.springer.com/chapter/10.1007/978-3-319-97676-1_25","Chapter"
"Mental Actions and Modelling of Reasoning in Semiotic Approach to AGI","Artificial General Intelligence","","","","10.1007/978-3-030-27005-6_12","Alexey K. KovalevAleksandr I. Panov","2019","http://link.springer.com/chapter/10.1007/978-3-030-27005-6_12","Chapter"
"The Temporal Singularity: Time-Accelerated Simulated Civilizations and Their Implications","Artificial General Intelligence","","","","10.1007/978-3-319-97676-1_20","Giacomo Spigler","2018","http://link.springer.com/chapter/10.1007/978-3-319-97676-1_20","Chapter"
"Death and Suicide in Universal Artificial Intelligence","Artificial General Intelligence","","","","10.1007/978-3-319-41649-6_3","Jarryd MartinTom EverittMarcus Hutter","2016","http://link.springer.com/chapter/10.1007/978-3-319-41649-6_3","Chapter"
"Comparing Computer Models Solving Number Series Problems","Artificial General Intelligence","","","","10.1007/978-3-319-21365-1_36","Ute SchmidMarco Ragni","2015","http://link.springer.com/chapter/10.1007/978-3-319-21365-1_36","Chapter"
"Modeling Motivation in MicroPsi 2","Artificial General Intelligence","","","","10.1007/978-3-319-21365-1_1","Joscha Bach","2015","http://link.springer.com/chapter/10.1007/978-3-319-21365-1_1","Chapter"
"Pursuing Fundamental Advances in Human Reasoning","Artificial General Intelligence","","","","10.1007/978-3-319-63703-7_24","Timothy van GelderRichard de Rozario","2017","http://link.springer.com/chapter/10.1007/978-3-319-63703-7_24","Chapter"
"Why Artificial Intelligence Needs a Task Theory","Artificial General Intelligence","","","","10.1007/978-3-319-41649-6_12","Kristinn R. ThórissonJordi BiegerThröstur ThorarensenJóna S. SigurðardóttirBas R. Steunebrink","2016","http://link.springer.com/chapter/10.1007/978-3-319-41649-6_12","Chapter"
"From Specialized Syntax to General Logic: The Case of Comparatives","Artificial General Intelligence","","","","10.1007/978-3-319-21365-1_31","Ruiting LianRodas SolomonAmen BelaynehBen GoertzelGino YuChangle Zhou","2015","http://link.springer.com/chapter/10.1007/978-3-319-21365-1_31","Chapter"
"Controlling Combinatorial Explosion in Inference via Synergy with Nonlinear-Dynamical Attention Allocation","Artificial General Intelligence","","","","10.1007/978-3-319-41649-6_34","Ben GoertzelMisgana Bayetta BelachewMatthew Ikle’Gino Yu","2016","http://link.springer.com/chapter/10.1007/978-3-319-41649-6_34","Chapter"
"Bounded Cognitive Resources and Arbitrary Domains","Artificial General Intelligence","","","","10.1007/978-3-319-21365-1_18","Abdul Rahim NizamaniJonas JuelUlf PerssonClaes Strannegård","2015","http://link.springer.com/chapter/10.1007/978-3-319-21365-1_18","Chapter"
"Cumulative Learning with Causal-Relational Models","Artificial General Intelligence","","","","10.1007/978-3-319-97676-1_22","Kristinn R. ThórissonArthur Talbot","2018","http://link.springer.com/chapter/10.1007/978-3-319-97676-1_22","Chapter"
"Understanding and Common Sense: Two Sides of the Same Coin?","Artificial General Intelligence","","","","10.1007/978-3-319-63703-7_19","Kristinn R. ThórissonDavid Kremelberg","2017","http://link.springer.com/chapter/10.1007/978-3-319-63703-7_19","Chapter"
"Analysis of Algorithms and Partial Algorithms","Artificial General Intelligence","","","","10.1007/978-3-319-41649-6_29","Andrew MacFie","2016","http://link.springer.com/chapter/10.1007/978-3-319-41649-6_29","Chapter"
"Are There Deep Reasons Underlying the Pathologies of Today’s Deep Learning Algorithms?","Artificial General Intelligence","","","","10.1007/978-3-319-21365-1_8","Ben Goertzel","2015","http://link.springer.com/chapter/10.1007/978-3-319-21365-1_8","Chapter"
"Instrumental Properties of Social Testbeds","Artificial General Intelligence","","","","10.1007/978-3-319-21365-1_11","Javier Insa-CabreraJosé Hernández-Orallo","2015","http://link.springer.com/chapter/10.1007/978-3-319-21365-1_11","Chapter"
"Towards Flexible Task Environments for Comprehensive Evaluation of Artificial Intelligent Systems and Automatic Learners","Artificial General Intelligence","","","","10.1007/978-3-319-21365-1_20","Kristinn R. ThórissonJordi BiegerStephan SchiffelDeon Garrett","2015","http://link.springer.com/chapter/10.1007/978-3-319-21365-1_20","Chapter"
"Integrating Model-Based Prediction and Facial Expressions in the Perception of Emotion","Artificial General Intelligence","","","","10.1007/978-3-319-41649-6_23","Nutchanon YongsatianchotStacy Marsella","2016","http://link.springer.com/chapter/10.1007/978-3-319-41649-6_23","Chapter"
"A Comprehensive Ethical Framework for AI Entities: Foundations","Artificial General Intelligence","","","","10.1007/978-3-319-97676-1_5","Andrej Dameski","2018","http://link.springer.com/chapter/10.1007/978-3-319-97676-1_5","Chapter"
"Speculative Scientific Inference via Synergetic Combination of Probabilistic Logic and Evolutionary Pattern Recognition","Artificial General Intelligence","","","","10.1007/978-3-319-21365-1_9","Ben GoertzelNil GeisweillerEddie MonroeMike DuncanSelamawit YilmaMeseret DastawMisgana BayettaAmen BelaynehMatthew Ikle’Gino Yu","2015","http://link.springer.com/chapter/10.1007/978-3-319-21365-1_9","Chapter"
"Towards Human-Level Inductive Functional Programming","Artificial General Intelligence","","","","10.1007/978-3-319-21365-1_12","Susumu Katayama","2015","http://link.springer.com/chapter/10.1007/978-3-319-21365-1_12","Chapter"
"Open-Ended Intelligence","Artificial General Intelligence","","","","10.1007/978-3-319-41649-6_5","David (Weaver) WeinbaumViktoras Veitas","2016","http://link.springer.com/chapter/10.1007/978-3-319-41649-6_5","Chapter"
"Towards General Evaluation of Intelligent Systems: Using Semantic Analysis to Improve Environments in the AIQ Test","Artificial General Intelligence","","","","10.1007/978-3-319-97676-1_24","Ondřej Vadinský","2018","http://link.springer.com/chapter/10.1007/978-3-319-97676-1_24","Chapter"
"Exploration Strategies for Homeostatic Agents","Artificial General Intelligence","","","","10.1007/978-3-030-27005-6_18","Patrick AnderssonAnton StrandmanClaes Strannegård","2019","http://link.springer.com/chapter/10.1007/978-3-030-27005-6_18","Chapter"
"Genetic Programming on Program Traces as an Inference Engine for Probabilistic Languages","Artificial General Intelligence","","","","10.1007/978-3-319-21365-1_2","Vita BatishchevaAlexey Potapov","2015","http://link.springer.com/chapter/10.1007/978-3-319-21365-1_2","Chapter"
"About Understanding","Artificial General Intelligence","","","","10.1007/978-3-319-41649-6_11","Kristinn R. ThórissonDavid KremelbergBas R. SteunebrinkEric Nivel","2016","http://link.springer.com/chapter/10.1007/978-3-319-41649-6_11","Chapter"
"Toward Human-Level Massively-Parallel Neural Networks with Hodgkin-Huxley Neurons","Artificial General Intelligence","","","","10.1007/978-3-319-41649-6_32","Lyle N. Long","2016","http://link.springer.com/chapter/10.1007/978-3-319-41649-6_32","Chapter"
"Cognitive Model of Brain-Machine Integration","Artificial General Intelligence","","","","10.1007/978-3-030-27005-6_17","Zhongzhi ShiZeqin Huang","2019","http://link.springer.com/chapter/10.1007/978-3-030-27005-6_17","Chapter"
"An Experimental Study of Emergence of Communication of Reinforcement Learning Agents","Artificial General Intelligence","","","","10.1007/978-3-030-27005-6_9","Qiong HuangDoya Kenji","2019","http://link.springer.com/chapter/10.1007/978-3-030-27005-6_9","Chapter"
"Functionalist Emotion Model in NARS","Artificial General Intelligence","","","","10.1007/978-3-319-97676-1_12","Xiang LiPatrick HammerPei WangHongling Xie","2018","http://link.springer.com/chapter/10.1007/978-3-319-97676-1_12","Chapter"
"Task Analysis for Teaching Cumulative Learners","Artificial General Intelligence","","","","10.1007/978-3-319-97676-1_3","Jordi E. BiegerKristinn R. Thórisson","2018","http://link.springer.com/chapter/10.1007/978-3-319-97676-1_3","Chapter"
"A Formal Model of Cognitive Synergy","Artificial General Intelligence","","","","10.1007/978-3-319-63703-7_2","Ben Goertzel","2017","http://link.springer.com/chapter/10.1007/978-3-319-63703-7_2","Chapter"
"Solving Tree Problems with Category Theory","Artificial General Intelligence","","","","10.1007/978-3-319-97676-1_7","Rafik Hadfi","2018","http://link.springer.com/chapter/10.1007/978-3-319-97676-1_7","Chapter"
"Can Machines Learn Logics?","Artificial General Intelligence","","","","10.1007/978-3-319-21365-1_35","Chiaki SakamaKatsumi Inoue","2015","http://link.springer.com/chapter/10.1007/978-3-319-21365-1_35","Chapter"
"Imitation Learning as Cause-Effect Reasoning","Artificial General Intelligence","","","","10.1007/978-3-319-41649-6_7","Garrett KatzDi-Wei HuangRodolphe GentiliJames Reggia","2016","http://link.springer.com/chapter/10.1007/978-3-319-41649-6_7","Chapter"
"Integrating Symbolic and Sub-symbolic Reasoning","Artificial General Intelligence","","","","10.1007/978-3-319-41649-6_17","Claes StrannegårdAbdul Rahim Nizamani","2016","http://link.springer.com/chapter/10.1007/978-3-319-41649-6_17","Chapter"
"Modeling Neuromodulation as a Framework to Integrate Uncertainty in General Cognitive Architectures","Artificial General Intelligence","","","","10.1007/978-3-319-41649-6_33","Frédéric AlexandreMaxime Carrere","2016","http://link.springer.com/chapter/10.1007/978-3-319-41649-6_33","Chapter"
"Introspective Agents: Confidence Measures for General Value Functions","Artificial General Intelligence","","","","10.1007/978-3-319-41649-6_26","Craig SherstanAdam WhiteMarlos C. MachadoPatrick M. Pilarski","2016","http://link.springer.com/chapter/10.1007/978-3-319-41649-6_26","Chapter"
"Ideas for a Reinforcement Learning Algorithm that Learns Programs","Artificial General Intelligence","","","","10.1007/978-3-319-41649-6_36","Susumu Katayama","2016","http://link.springer.com/chapter/10.1007/978-3-319-41649-6_36","Chapter"
"Generalized Temporal Induction with Temporal Concepts in a Non-axiomatic Reasoning System","Artificial General Intelligence","","","","10.1007/978-3-319-41649-6_25","Tony LofthousePatrick Hammer","2016","http://link.springer.com/chapter/10.1007/978-3-319-41649-6_25","Chapter"
"Emotional Concept Development","Artificial General Intelligence","","","","10.1007/978-3-319-21365-1_37","Claes StrannegårdSimone CirilloJohan Wessberg","2015","http://link.springer.com/chapter/10.1007/978-3-319-21365-1_37","Chapter"
"Observation, Communication and Intelligence in Agent-Based Systems","Artificial General Intelligence","","","","10.1007/978-3-319-21365-1_6","Nader ChmaitDavid L. DoweDavid G. GreenYuan-Fang Li","2015","http://link.springer.com/chapter/10.1007/978-3-319-21365-1_6","Chapter"
"Scene Based Reasoning","Artificial General Intelligence","","","","10.1007/978-3-319-21365-1_3","Frank BergmannBrian Fenton","2015","http://link.springer.com/chapter/10.1007/978-3-319-21365-1_3","Chapter"
"Semantic Image Retrieval by Uniting Deep Neural Networks and Cognitive Architectures","Artificial General Intelligence","","","","10.1007/978-3-319-97676-1_19","Alexey PotapovInnokentii ZhdanovOleg ScherbakovNikolai SkorobogatkoHugo LatapieEnzo Fenoglio","2018","http://link.springer.com/chapter/10.1007/978-3-319-97676-1_19","Chapter"
"Adaptive Neuro-Symbolic Network Agent","Artificial General Intelligence","","","","10.1007/978-3-030-27005-6_8","Patrick Hammer","2019","http://link.springer.com/chapter/10.1007/978-3-030-27005-6_8","Chapter"
"The Emotional Mechanisms in NARS","Artificial General Intelligence","","","","10.1007/978-3-319-41649-6_15","Pei WangMax TalanovPatrick Hammer","2016","http://link.springer.com/chapter/10.1007/978-3-319-41649-6_15","Chapter"
"Different Conceptions of Learning: Function Approximation vs. Self-Organization","Artificial General Intelligence","","","","10.1007/978-3-319-41649-6_14","Pei WangXiang Li","2016","http://link.springer.com/chapter/10.1007/978-3-319-41649-6_14","Chapter"
"Computational Neuroscience Offers Hints for More General Machine Learning","Artificial General Intelligence","","","","10.1007/978-3-319-63703-7_12","David RawlinsonGideon Kowadlo","2017","http://link.springer.com/chapter/10.1007/978-3-319-63703-7_12","Chapter"
"An Inferential Approach to Mining Surprising Patterns in Hypergraphs","Artificial General Intelligence","","","","10.1007/978-3-030-27005-6_6","Nil GeisweillerBen Goertzel","2019","http://link.springer.com/chapter/10.1007/978-3-030-27005-6_6","Chapter"
"The Pedagogical Pentagon: A Conceptual Framework for Artificial Pedagogy","Artificial General Intelligence","","","","10.1007/978-3-319-63703-7_20","Jordi BiegerKristinn R. ThórissonBas R. Steunebrink","2017","http://link.springer.com/chapter/10.1007/978-3-319-63703-7_20","Chapter"
"Arbitrarily Applicable Relational Responding","Artificial General Intelligence","","","","10.1007/978-3-030-27005-6_10","Robert Johansson","2019","http://link.springer.com/chapter/10.1007/978-3-030-27005-6_10","Chapter"
"One-Shot Ontogenetic Learning in Biomedical Datastreams","Artificial General Intelligence","","","","10.1007/978-3-319-63703-7_14","John KalantariMichael A. Mackey","2017","http://link.springer.com/chapter/10.1007/978-3-319-63703-7_14","Chapter"
"A Game-Theoretic Analysis of the Off-Switch Game","Artificial General Intelligence","","","","10.1007/978-3-319-63703-7_16","Tobias WängbergMikael BöörsElliot CattTom EverittMarcus Hutter","2017","http://link.springer.com/chapter/10.1007/978-3-319-63703-7_16","Chapter"
"Programmatic Link Grammar Induction for Unsupervised Language Learning","Artificial General Intelligence","","","","10.1007/978-3-030-27005-6_11","Alex GlushchenkoAndres SuarezAnton KoloninBen GoertzelOleg Baskov","2019","http://link.springer.com/chapter/10.1007/978-3-030-27005-6_11","Chapter"
"Genetic Algorithms with DNN-Based Trainable Crossover as an Example of Partial Specialization of General Search","Artificial General Intelligence","","","","10.1007/978-3-319-63703-7_10","Alexey PotapovSergey Rodionov","2017","http://link.springer.com/chapter/10.1007/978-3-319-63703-7_10","Chapter"
"Generic Animats","Artificial General Intelligence","","","","10.1007/978-3-319-63703-7_3","Claes StrannegårdNils SvangårdJoscha BachBas Steunebrink","2017","http://link.springer.com/chapter/10.1007/978-3-319-63703-7_3","Chapter"
"How Can Cognitive Modeling Benefit from Ontologies? Evidence from the HCI Domain","Artificial General Intelligence","","","","10.1007/978-3-319-21365-1_27","Marc HalbrüggeMichael QuadeKlaus-Peter Engelbrecht","2015","http://link.springer.com/chapter/10.1007/978-3-319-21365-1_27","Chapter"
"Towards a Computational Framework for Function-Driven Concept Invention","Artificial General Intelligence","","","","10.1007/978-3-319-41649-6_21","Nico PotykaDanny Gómez-RamírezKai-Uwe Kühnberger","2016","http://link.springer.com/chapter/10.1007/978-3-319-41649-6_21","Chapter"
"Goal-Directed Procedure Learning","Artificial General Intelligence","","","","10.1007/978-3-319-97676-1_8","Patrick HammerTony Lofthouse","2018","http://link.springer.com/chapter/10.1007/978-3-319-97676-1_8","Chapter"
"Anytime Bounded Rationality","Artificial General Intelligence","","","","10.1007/978-3-319-21365-1_13","Eric NivelKristinn R. ThórissonBas SteunebrinkJürgen Schmidhuber","2015","http://link.springer.com/chapter/10.1007/978-3-319-21365-1_13","Chapter"
"Gödel Agents in a Scalable Synchronous Agent Framework","Artificial General Intelligence","","","","10.1007/978-3-319-21365-1_41","Jörg ZimmermannHenning H. HenzeArmin B. Cremers","2015","http://link.springer.com/chapter/10.1007/978-3-319-21365-1_41","Chapter"
"Stochastic Tasks: Difficulty and Levin Search","Artificial General Intelligence","","","","10.1007/978-3-319-21365-1_10","José Hernández-Orallo","2015","http://link.springer.com/chapter/10.1007/978-3-319-21365-1_10","Chapter"
"Reflective Variants of Solomonoff Induction and AIXI","Artificial General Intelligence","","","","10.1007/978-3-319-21365-1_7","Benja FallensteinNate SoaresJessica Taylor","2015","http://link.springer.com/chapter/10.1007/978-3-319-21365-1_7","Chapter"
"Self-awareness and Self-control in NARS","Artificial General Intelligence","","","","10.1007/978-3-319-63703-7_4","Pei WangXiang LiPatrick Hammer","2017","http://link.springer.com/chapter/10.1007/978-3-319-63703-7_4","Chapter"
"C-Tests Revisited: Back and Forth with Complexity","Artificial General Intelligence","","","","10.1007/978-3-319-21365-1_28","José Hernández-Orallo","2015","http://link.springer.com/chapter/10.1007/978-3-319-21365-1_28","Chapter"
"Unsupervised Language Learning in OpenCog","Artificial General Intelligence","","","","10.1007/978-3-319-97676-1_11","Alex GlushchenkoAndres SuarezAnton KoloninBen GoertzelClaudia CastilloMan Hin LeungOleg Baskov","2018","http://link.springer.com/chapter/10.1007/978-3-319-97676-1_11","Chapter"
"Towards Emotion in Sigma: From Appraisal to Attention","Artificial General Intelligence","","","","10.1007/978-3-319-21365-1_15","Paul S. RosenbloomJonathan GratchVolkan Ustun","2015","http://link.springer.com/chapter/10.1007/978-3-319-21365-1_15","Chapter"
"Growing Recursive Self-Improvers","Artificial General Intelligence","","","","10.1007/978-3-319-41649-6_13","Bas R. SteunebrinkKristinn R. ThórissonJürgen Schmidhuber","2016","http://link.springer.com/chapter/10.1007/978-3-319-41649-6_13","Chapter"
"Optimization Framework with Minimum Description Length Principle for Probabilistic Programming","Artificial General Intelligence","","","","10.1007/978-3-319-21365-1_34","Alexey PotapovVita BatishchevaSergey Rodionov","2015","http://link.springer.com/chapter/10.1007/978-3-319-21365-1_34","Chapter"
"Real-Time GA-Based Probabilistic Programming in Application to Robot Control","Artificial General Intelligence","","","","10.1007/978-3-319-41649-6_10","Alexey PotapovSergey RodionovVita Potapova","2016","http://link.springer.com/chapter/10.1007/978-3-319-41649-6_10","Chapter"
"Generalized Diagnostics with the Non-Axiomatic Reasoning System (NARS)","Artificial General Intelligence","","","","10.1007/978-3-030-27005-6_16","Bill PowerXiang LiPei Wang","2019","http://link.springer.com/chapter/10.1007/978-3-030-27005-6_16","Chapter"
"DSO Cognitive Architecture: Unified Reasoning with Integrative Memory Using Global Workspace Theory","Artificial General Intelligence","","","","10.1007/978-3-319-63703-7_5","Khin Hua NgZhiyuan DuGee Wah Ng","2017","http://link.springer.com/chapter/10.1007/978-3-319-63703-7_5","Chapter"
"DSO Cognitive Architecture: Implementation and Validation of the Global Workspace Enhancement","Artificial General Intelligence","","","","10.1007/978-3-319-97676-1_15","Khin Hua NgZhiyuan DuGee Wah Ng","2018","http://link.springer.com/chapter/10.1007/978-3-319-97676-1_15","Chapter"
"Automatic Sampler Discovery via Probabilistic Programming and Approximate Bayesian Computation","Artificial General Intelligence","","","","10.1007/978-3-319-41649-6_27","Yura PerovFrank Wood","2016","http://link.springer.com/chapter/10.1007/978-3-319-41649-6_27","Chapter"
"How Much Computation and Distributedness is Needed in Sequence Learning Tasks?","Artificial General Intelligence","","","","10.1007/978-3-319-41649-6_28","Mrwan MargemOzgur Yilmaz","2016","http://link.springer.com/chapter/10.1007/978-3-319-41649-6_28","Chapter"
"Adaptive Compressed Search","Artificial General Intelligence","","","","10.1007/978-3-319-97676-1_29","Robert Wünsche","2018","http://link.springer.com/chapter/10.1007/978-3-319-97676-1_29","Chapter"
"The OpenNARS Implementation of the Non-Axiomatic Reasoning System","Artificial General Intelligence","","","","10.1007/978-3-319-41649-6_16","Patrick HammerTony LofthousePei Wang","2016","http://link.springer.com/chapter/10.1007/978-3-319-41649-6_16","Chapter"
"Using Localization and Factorization to Reduce the Complexity of Reinforcement Learning","Artificial General Intelligence","","","","10.1007/978-3-319-21365-1_19","Peter SunehagMarcus Hutter","2015","http://link.springer.com/chapter/10.1007/978-3-319-21365-1_19","Chapter"
"Some Theorems on Incremental Compression","Artificial General Intelligence","","","","10.1007/978-3-319-41649-6_8","Arthur Franz","2016","http://link.springer.com/chapter/10.1007/978-3-319-41649-6_8","Chapter"
"Ultimate Intelligence Part I: Physical Completeness and Objectivity of Induction","Artificial General Intelligence","","","","10.1007/978-3-319-21365-1_14","Eray Özkural","2015","http://link.springer.com/chapter/10.1007/978-3-319-21365-1_14","Chapter"
"Generating Single Subject Activity Videos as a Sequence of Actions Using 3D Convolutional Generative Adversarial Networks","Artificial General Intelligence","","","","10.1007/978-3-319-63703-7_13","Ahmad ArinaldiMohamad Ivan Fanany","2017","http://link.springer.com/chapter/10.1007/978-3-319-63703-7_13","Chapter"
"Asymptotic Logical Uncertainty and the Benford Test","Artificial General Intelligence","","","","10.1007/978-3-319-41649-6_20","Scott GarrabrantTsvi Benson-TilsenSiddharth BhaskarAbram DemskiJoanna GarrabrantGeorge KoleszarikEvan Lloyd","2016","http://link.springer.com/chapter/10.1007/978-3-319-41649-6_20","Chapter"
"Expression Graphs","Artificial General Intelligence","","","","10.1007/978-3-319-21365-1_25","Abram Demski","2015","http://link.springer.com/chapter/10.1007/978-3-319-21365-1_25","Chapter"
"Lifelong Learning Starting from Zero","Artificial General Intelligence","","","","10.1007/978-3-030-27005-6_19","Claes StrannegårdHerman CarlströmNiklas EngsnerFredrik MäkeläinenFilip Slottner SeholmMorteza Haghir Chehreghani","2019","http://link.springer.com/chapter/10.1007/978-3-030-27005-6_19","Chapter"
"An Information-Theoretic Predictive Model for the Accuracy of AI Agents Adapted from Psychometrics","Artificial General Intelligence","","","","10.1007/978-3-319-63703-7_21","Nader ChmaitDavid L. DoweYuan-Fang LiDavid G. Green","2017","http://link.springer.com/chapter/10.1007/978-3-319-63703-7_21","Chapter"
"A Computational Theory for Life-Long Learning of Semantics","Artificial General Intelligence","","","","10.1007/978-3-319-97676-1_21","Peter Sutor Jr.Douglas Summers-StayYiannis Aloimonos","2018","http://link.springer.com/chapter/10.1007/978-3-319-97676-1_21","Chapter"
"Partial Operator Induction with Beta Distributions","Artificial General Intelligence","","","","10.1007/978-3-319-97676-1_6","Nil Geisweiller","2018","http://link.springer.com/chapter/10.1007/978-3-319-97676-1_6","Chapter"
"Decision-Making During Language Understanding by Intelligent Agents","Artificial General Intelligence","","","","10.1007/978-3-319-21365-1_32","Marjorie McShaneSergei Nirenburg","2015","http://link.springer.com/chapter/10.1007/978-3-319-21365-1_32","Chapter"
"Anchoring Knowledge in Interaction: Towards a Harmonic Subsymbolic/Symbolic Framework and Architecture of Computational Cognition","Artificial General Intelligence","","","","10.1007/978-3-319-21365-1_4","Tarek R. BesoldKai-Uwe KühnbergerArtur d’Avila GarcezAlessandro SaffiottiMartin H. FischerAlan Bundy","2015","http://link.springer.com/chapter/10.1007/978-3-319-21365-1_4","Chapter"
"Extending MicroPsi’s Model of Motivation and Emotion for Conversational Agents","Artificial General Intelligence","","","","10.1007/978-3-030-27005-6_4","Joscha BachMurilo CoutinhoLiza Lichtinger","2019","http://link.springer.com/chapter/10.1007/978-3-030-27005-6_4","Chapter"
"What People Say? Web-Based Casuistry for Artificial Morality Experiments","Artificial General Intelligence","","","","10.1007/978-3-319-63703-7_17","Rafal RzepkaKenji Araki","2017","http://link.springer.com/chapter/10.1007/978-3-319-63703-7_17","Chapter"
"Two Attempts to Formalize Counterpossible Reasoning in Deterministic Settings","Artificial General Intelligence","","","","10.1007/978-3-319-21365-1_17","Nate SoaresBenja Fallenstein","2015","http://link.springer.com/chapter/10.1007/978-3-319-21365-1_17","Chapter"
"A New View on Grid Cells Beyond the Cognitive Map Hypothesis","Artificial General Intelligence","","","","10.1007/978-3-319-21365-1_29","Jochen KerdelsGabriele Peters","2015","http://link.springer.com/chapter/10.1007/978-3-319-21365-1_29","Chapter"
"Plan Recovery in Reactive HTNs Using Symbolic Planning","Artificial General Intelligence","","","","10.1007/978-3-319-21365-1_33","Lydia Ould OualiCharles RichNicolas Sabouret","2015","http://link.springer.com/chapter/10.1007/978-3-319-21365-1_33","Chapter"
"Zeta Distribution and Transfer Learning Problem","Artificial General Intelligence","","","","10.1007/978-3-319-97676-1_17","Eray Özkural","2018","http://link.springer.com/chapter/10.1007/978-3-319-97676-1_17","Chapter"
"Orthogonality-Based Disentanglement of Responsibilities for Ethical Intelligent Systems","Artificial General Intelligence","","","","10.1007/978-3-030-27005-6_3","Nadisha-Marie AlimanLeon KesterPeter WerkhovenRoman Yampolskiy","2019","http://link.springer.com/chapter/10.1007/978-3-030-27005-6_3","Chapter"
"Rethinking Sigma’s Graphical Architecture: An Extension to Neural Networks","Artificial General Intelligence","","","","10.1007/978-3-319-41649-6_9","Paul S. RosenbloomAbram DemskiVolkan Ustun","2016","http://link.springer.com/chapter/10.1007/978-3-319-41649-6_9","Chapter"
"Self-Modification of Policy and Utility Function in Rational Agents","Artificial General Intelligence","","","","10.1007/978-3-319-41649-6_1","Tom EverittDaniel FilanMayank DaswaniMarcus Hutter","2016","http://link.springer.com/chapter/10.1007/978-3-319-41649-6_1","Chapter"
"Estimating Cartesian Compression via Deep Learning","Artificial General Intelligence","","","","10.1007/978-3-319-41649-6_30","András LőrinczAndrás SárkányZoltán Á. MilacskiZoltán Tősér","2016","http://link.springer.com/chapter/10.1007/978-3-319-41649-6_30","Chapter"
"Cognitive Module Networks for Grounded Reasoning","Artificial General Intelligence","","","","10.1007/978-3-030-27005-6_15","Alexey PotapovAnatoly BelikovVitaly BogdanovAlexander Scherbatiy","2019","http://link.springer.com/chapter/10.1007/978-3-030-27005-6_15","Chapter"
"Learning with Per-Sample Side Information","Artificial General Intelligence","","","","10.1007/978-3-030-27005-6_21","Roman VisotskyYuval AtzmonGal Chechik","2019","http://link.springer.com/chapter/10.1007/978-3-030-27005-6_21","Chapter"
"A Time-Critical Simulation of Language Comprehension","Artificial General Intelligence","","","","10.1007/978-3-319-97676-1_27","Mark Wernsdorfer","2018","http://link.springer.com/chapter/10.1007/978-3-319-97676-1_27","Chapter"
"Bandit Models of Human Behavior: Reward Processing in Mental Disorders","Artificial General Intelligence","","","","10.1007/978-3-319-63703-7_22","Djallel BouneffoufIrina RishGuillermo A. Cecchi","2017","http://link.springer.com/chapter/10.1007/978-3-319-63703-7_22","Chapter"
"Request Confirmation Networks in MicroPsi 2","Artificial General Intelligence","","","","10.1007/978-3-319-97676-1_2","Joscha BachKatherine Gallagher","2018","http://link.springer.com/chapter/10.1007/978-3-319-97676-1_2","Chapter"
"Associative Memory: An Spiking Neural Network Robotic Implementation","Artificial General Intelligence","","","","10.1007/978-3-319-97676-1_4","André CyrFrédéric ThériaultMatthew RossSylvain Chartier","2018","http://link.springer.com/chapter/10.1007/978-3-319-97676-1_4","Chapter"
"On Hierarchical Compression and Power Laws in Nature","Artificial General Intelligence","","","","10.1007/978-3-319-63703-7_8","Arthur Franz","2017","http://link.springer.com/chapter/10.1007/978-3-319-63703-7_8","Chapter"
"Efficient Concept Formation in Large State Spaces","Artificial General Intelligence","","","","10.1007/978-3-319-97676-1_14","Fredrik MäkeläinenHampus TorénClaes Strannegård","2018","http://link.springer.com/chapter/10.1007/978-3-319-97676-1_14","Chapter"
"Deductive and Analogical Reasoning on a Semantically Embedded Knowledge Graph","Artificial General Intelligence","","","","10.1007/978-3-319-63703-7_11","Douglas Summers-Stay","2017","http://link.springer.com/chapter/10.1007/978-3-319-63703-7_11","Chapter"
"Computable Prediction","Artificial General Intelligence","","","","10.1007/978-3-030-27005-6_14","Kenshi Miyabe","2019","http://link.springer.com/chapter/10.1007/978-3-030-27005-6_14","Chapter"
"A Phenomenologically Justifiable Simulation of Mental Modeling","Artificial General Intelligence","","","","10.1007/978-3-319-97676-1_26","Mark Wernsdorfer","2018","http://link.springer.com/chapter/10.1007/978-3-319-97676-1_26","Chapter"
"How Failure Facilitates Success","Artificial General Intelligence","","","","10.1007/978-3-319-97676-1_28","Mark Wernsdorfer","2018","http://link.springer.com/chapter/10.1007/978-3-319-97676-1_28","Chapter"
"Analyzing Human Decision Making Process with Intention Estimation Using Cooperative Pattern Task","Artificial General Intelligence","","","","10.1007/978-3-319-63703-7_23","Kota ItodaNorifumi WatanabeYoshiyasu Takefuji","2017","http://link.springer.com/chapter/10.1007/978-3-319-63703-7_23","Chapter"
"Abstract Representations and Generalized Frequent Pattern Discovery","Artificial General Intelligence","","","","10.1007/978-3-319-63703-7_7","Eray Özkural","2017","http://link.springer.com/chapter/10.1007/978-3-319-63703-7_7","Chapter"
"From First-Order Logic to Assertional Logic","Artificial General Intelligence","","","","10.1007/978-3-319-63703-7_9","Yi Zhou","2017","http://link.springer.com/chapter/10.1007/978-3-319-63703-7_9","Chapter"
"Towards a Sociological Conception of Artificial Intelligence","Artificial General Intelligence","","","","10.1007/978-3-319-97676-1_13","Jakub MlynářHamed S. AlaviHimanshu VermaLorenzo Cantoni","2018","http://link.springer.com/chapter/10.1007/978-3-319-97676-1_13","Chapter"
"A Methodology for the Assessment of AI Consciousness","Artificial General Intelligence","","","","10.1007/978-3-319-41649-6_31","Harry H. Porter III","2016","http://link.springer.com/chapter/10.1007/978-3-319-41649-6_31","Chapter"
"Avoiding Wireheading with Value Reinforcement Learning","Artificial General Intelligence","","","","10.1007/978-3-319-41649-6_2","Tom EverittMarcus Hutter","2016","http://link.springer.com/chapter/10.1007/978-3-319-41649-6_2","Chapter"
"Integrating Axiomatic and Analogical Reasoning","Artificial General Intelligence","","","","10.1007/978-3-319-41649-6_18","Claes StrannegårdAbdul Rahim NizamaniUlf Persson","2016","http://link.springer.com/chapter/10.1007/978-3-319-41649-6_18","Chapter"
"A Few Notes on Multiple Theories and Conceptual Jump Size","Artificial General Intelligence","","","","10.1007/978-3-319-41649-6_24","Grace Solomonoff","2016","http://link.springer.com/chapter/10.1007/978-3-319-41649-6_24","Chapter"